{"start_probs": {"ntaint": 0.004807692307692308, "san": 0.004807692307692308, "taint": 0.7644230769230769, "und": 0.22596153846153846}, "trans_probs": {"ntaint": {"ntaint": 0.7398734177215189, "san": 0.0006329113924050633, "taint": 0.0006329113924050633, "und": 0.2588607594936709}, "san": {"ntaint": 0.9855769230769231, "san": 0.004807692307692308, "taint": 0.004807692307692308, "und": 0.004807692307692308}, "taint": {"ntaint": 0.0009970089730807576, "san": 0.20438683948155534, "taint": 0.6689930209371885, "und": 0.12562313060817548}, "und": {"ntaint": 0.32154088050314467, "san": 0.0007861635220125787, "taint": 0.13522012578616352, "und": 0.5424528301886793}}, "emit_probs": {"ntaint": {"0": 0.0005512679162072767, "1": 0.0005512679162072767, "2": 0.0005512679162072767, "4096": 0.0005512679162072767, "GET": 0.0005512679162072767, "NULL": 0.0005512679162072767, "POST": 0.0005512679162072767, "SESSION": 0.0005512679162072767, "SQL_QUERY": 0.11300992282249173, "array": 0.0005512679162072767, "echo": 0.0005512679162072767, "else": 0.0005512679162072767, "exec": 0.0005512679162072767, "false": 0.0005512679162072767, "fclose": 0.0005512679162072767, "fgets": 0.0005512679162072767, "fopen": 0.0005512679162072767, "fread": 0.0005512679162072767, "if": 0.0005512679162072767, "is_resource": 0.0005512679162072767, "mysql_connect": 0.0005512679162072767, "mysql_query": 0.11300992282249173, "mysql_real_escape_string": 0.0005512679162072767, "mysql_select_db": 0.0005512679162072767, "pclose": 0.0005512679162072767, "popen": 0.0005512679162072767, "proc_close": 0.0005512679162072767, "proc_open": 0.0005512679162072767, "shell_exec": 0.0005512679162072767, "sprintf": 0.08213891951488424, "stream_get_contents": 0.0005512679162072767, "system": 0.0005512679162072767, "unserialize": 0.0005512679162072767, "var": 0.675303197353914}, "san": {"0": 0.004201680672268907, "1": 0.004201680672268907, "2": 0.004201680672268907, "4096": 0.004201680672268907, "GET": 0.004201680672268907, "NULL": 0.004201680672268907, "POST": 0.004201680672268907, "SESSION": 0.004201680672268907, "SQL_QUERY": 0.004201680672268907, "array": 0.004201680672268907, "echo": 0.004201680672268907, "else": 0.004201680672268907, "exec": 0.004201680672268907, "false": 0.004201680672268907, "fclose": 0.004201680672268907, "fgets": 0.004201680672268907, "fopen": 0.004201680672268907, "fread": 0.004201680672268907, "if": 0.004201680672268907, "is_resource": 0.004201680672268907, "mysql_connect": 0.004201680672268907, "mysql_query": 0.004201680672268907, "mysql_real_escape_string": 0.8613445378151261, "mysql_select_db": 0.004201680672268907, "pclose": 0.004201680672268907, "popen": 0.004201680672268907, "proc_close": 0.004201680672268907, "proc_open": 0.004201680672268907, "shell_exec": 0.004201680672268907, "sprintf": 0.004201680672268907, "stream_get_contents": 0.004201680672268907, "system": 0.004201680672268907, "unserialize": 0.004201680672268907, "var": 0.004201680672268907}, "taint": {"0": 0.000968054211035818, "1": 0.000968054211035818, "2": 0.000968054211035818, "4096": 0.000968054211035818, "GET": 0.03291384317521781, "NULL": 0.000968054211035818, "POST": 0.03969022265246854, "SESSION": 0.016456921587608905, "SQL_QUERY": 0.000968054211035818, "array": 0.000968054211035818, "echo": 0.000968054211035818, "else": 0.000968054211035818, "exec": 0.03581800580832527, "false": 0.000968054211035818, "fclose": 0.000968054211035818, "fgets": 0.011616650532429816, "fopen": 0.011616650532429816, "fread": 0.02032913843175218, "if": 0.000968054211035818, "is_resource": 0.000968054211035818, "mysql_connect": 0.000968054211035818, "mysql_query": 0.000968054211035818, "mysql_real_escape_string": 0.000968054211035818, "mysql_select_db": 0.000968054211035818, "pclose": 0.000968054211035818, "popen": 0.02032913843175218, "proc_close": 0.000968054211035818, "proc_open": 0.012584704743465635, "shell_exec": 0.018393030009680542, "sprintf": 0.000968054211035818, "stream_get_contents": 0.000968054211035818, "system": 0.018393030009680542, "unserialize": 0.02032913843175218, "var": 0.7212003872216844}, "und": {"0": 0.009984639016897081, "1": 0.009984639016897081, "2": 0.009984639016897081, "4096": 0.02457757296466974, "GET": 0.0007680491551459293, "NULL": 0.009984639016897081, "POST": 0.0007680491551459293, "SESSION": 0.0007680491551459293, "SQL_QUERY": 0.0007680491551459293, "array": 0.04992319508448541, "echo": 0.15745007680491552, "else": 0.009216589861751152, "exec": 0.0007680491551459293, "false": 0.009216589861751152, "fclose": 0.027649769585253458, "fgets": 0.0007680491551459293, "fopen": 0.0007680491551459293, "fread": 0.0007680491551459293, "if": 0.026881720430107527, "is_resource": 0.009984639016897081, "mysql_connect": 0.15745007680491552, "mysql_query": 0.0007680491551459293, "mysql_real_escape_string": 0.0007680491551459293, "mysql_select_db": 0.15745007680491552, "pclose": 0.016129032258064516, "popen": 0.0007680491551459293, "proc_close": 0.009984639016897081, "proc_open": 0.0007680491551459293, "shell_exec": 0.0007680491551459293, "sprintf": 0.0007680491551459293, "stream_get_contents": 0.009984639016897081, "system": 0.0007680491551459293, "unserialize": 0.0007680491551459293, "var": 0.2818740399385561}}, "states": ["taint", "san", "ntaint", "und"]}