{"start_probs": [1.857859583226166e-36, 1.0], "trans_probs": [[0.3451631506838752, 0.6548368493161247], [0.9901960784313726, 0.00980392156862745]], "emit_probs": [[0.006204538909552892, 0.006204538909552892, 0.006204538909552892, 0.0049751243781094535, 0.0049751243781094535, 0.0049751243781094535, 0.0049751243781094535, 0.0049751243781094535, 0.0049751243781094535, 0.004975182258932691, 0.0049751243781094535, 0.0049751243781094535, 0.0049751243781094535, 0.0049751243781094535, 0.017363840041116414, 0.0049751243781094535, 0.0049751243781094535, 0.0049751243781094535, 0.006393679606698037, 0.0049751243781094535, 0.00634639443241175, 0.0049751243781094535, 0.0049751243781094535, 0.004975124378113343, 0.0049751243781094535, 0.0049751243781094535, 0.0049751243781094535, 0.015519718243951253, 0.012446181915342656, 0.00960907145816549, 0.006062683386694034, 0.006520757684247966, 0.004975124493864744, 0.0049751243781094535, 0.0049751243781094535, 0.0049751243781094535, 0.0049751243781094535, 0.0049751243781094535, 0.010037567861703813, 0.0049751243781094535, 0.017363840041116414, 0.005598172641017807, 0.0049751243781094535, 0.0049751243781094535, 0.026253452806938204, 0.0049751243781094535, 0.0049751243781094535, 0.0049751243781094535, 0.02871228186982508, 0.01736382614592327, 0.0049751243781094535, 0.017080128995398697, 0.0049751243781094535, 0.006440964780984323, 0.0049751243781094535, 0.06394112095890635, 0.0049751243781094535, 0.004975124378348016, 0.008237801403849164, 0.0049751243781094535, 0.005211550249540883, 0.006630105478129466, 0.005826257515262603, 0.005447976120972315, 0.006440964780984323, 0.007906805183859191, 0.0049751243781094535, 0.057478127664278025, 0.0049751243781094535, 0.009512464499141806, 0.006393679606698037, 0.006595594496860876, 0.006393679606698037, 0.006393679606698037, 0.0049751243781094535, 0.05027432134436476, 0.0049751243781094535, 0.0049751243781094535, 0.05306414662635918, 0.0049751243781094535, 0.004975124378739703, 0.006204538909552892, 0.007433953440996331, 0.0514091655272424, 0.0049751243781094535, 0.0049751243781094535, 0.006204538909552892, 0.0049751243781094535, 0.03575777283848171, 0.0049751243781094535, 0.0049751243781094535, 0.007339383092423758, 0.0049751243781094535, 0.030840114712707953, 0.0049751243781094535, 0.024267475486914183, 0.0049751243781094535, 0.00525883542382717, 0.0049751243781094535, 0.013202744703923236, 0.0049751243781094535], [0.004975124378109453, 0.004975124378109453, 0.004975124378109453, 0.009091555337598605, 0.004975124378109453, 0.004975124378109453, 0.004975124378109453, 0.005042606852855176, 0.015232460539459473, 0.006729586117569002, 0.00882162543861571, 0.007134563569972614, 0.03534223801368517, 0.016514627559628223, 0.004975124378109453, 0.03507230811470227, 0.010238757408275909, 0.06570935164926088, 0.004975124378109453, 0.009091555337598605, 0.004975124378109453, 0.010441204832513082, 0.006932116145735442, 0.005042606852849624, 0.006932116145735442, 0.007134563569972614, 0.038851326700462804, 0.004975124378109453, 0.004975124378109453, 0.004975124378109453, 0.004975124378109453, 0.008505302520407059, 0.0067296685562994825, 0.03534223801368517, 0.03534223801368517, 0.03534223801368517, 0.03534223801368517, 0.03534223801368517, 0.028049949461987172, 0.03534223801368517, 0.004975124378109453, 0.006245387643232422, 0.007134563569972614, 0.004975124378109453, 0.004975124378109453, 0.015299943014205196, 0.006729668721498271, 0.006729668721498271, 0.004975124378109453, 0.004975144208469287, 0.0069995986204811666, 0.004975124378109453, 0.006729668721498271, 0.004975124378109453, 0.006729668721498271, 0.008009860231720704, 0.006864633670989719, 0.005312536751497613, 0.004975124378129475, 0.0053125367518380715, 0.004975124378109453, 0.004975124378109453, 0.004975124378109453, 0.004975124378109453, 0.004975124378109453, 0.004975124378109453, 0.007067081095226891, 0.00967540716176075, 0.009833862559801567, 0.006597610296417675, 0.004975124378109453, 0.006711438183687525, 0.004975124378109453, 0.004975124378109453, 0.004975124378109453, 0.004975124378119151, 0.011250994529461768, 0.005717431600312415, 0.004975124379398113, 0.011993301751664728, 0.00693211614483601, 0.004975124378109453, 0.004975124378109453, 0.004975124378109453, 0.0136128811455621, 0.006729668721498271, 0.004975124378109453, 0.004975124378109453, 0.004975124378109453, 0.0053125367518380715, 0.006797151196243995, 0.004975124378109453, 0.0065272212972611, 0.004975124378109453, 0.006594703772006823, 0.004975124378109453, 0.005245054277092348, 0.004975124378109453, 0.005380019226583796, 0.004975124378109453, 0.006324773873023929]]}