{"start_probs": [1.857859583256584e-36, 1.0], "trans_probs": [[0.3451631506838748, 0.6548368493161251], [0.9901960784313726, 0.00980392156862745]], "emit_probs": [[0.006204538909552893, 0.006204538909552893, 0.006204538909552893, 0.0049751243781094535, 0.0049751243781094535, 0.0049751243781094535, 0.0049751243781094535, 0.0049751243781094535, 0.0049751243781094535, 0.00497518225893269, 0.0049751243781094535, 0.0049751243781094535, 0.0049751243781094535, 0.0049751243781094535, 0.017363840041116414, 0.0049751243781094535, 0.0049751243781094535, 0.0049751243781094535, 0.0063936796066980375, 0.0049751243781094535, 0.0063463944324117505, 0.0049751243781094535, 0.0049751243781094535, 0.004975124378113343, 0.0049751243781094535, 0.0049751243781094535, 0.0049751243781094535, 0.015519718243951257, 0.01244618191534266, 0.009609071458165492, 0.006062683386694035, 0.006520757684247966, 0.004975124493864744, 0.0049751243781094535, 0.0049751243781094535, 0.0049751243781094535, 0.0049751243781094535, 0.0049751243781094535, 0.010037567861703806, 0.0049751243781094535, 0.017363840041116414, 0.005598172641017806, 0.0049751243781094535, 0.0049751243781094535, 0.026253452806938207, 0.0049751243781094535, 0.0049751243781094535, 0.0049751243781094535, 0.028712281869825083, 0.017363826145923272, 0.0049751243781094535, 0.017080128995398697, 0.0049751243781094535, 0.006440964780984323, 0.0049751243781094535, 0.06394112095890629, 0.0049751243781094535, 0.004975124378348016, 0.008237801403849164, 0.0049751243781094535, 0.005211550249540883, 0.006630105478129467, 0.005826257515262603, 0.005447976120972315, 0.006440964780984323, 0.007906805183859191, 0.0049751243781094535, 0.05747812766427805, 0.0049751243781094535, 0.009512464499141815, 0.0063936796066980375, 0.006595594496860874, 0.0063936796066980375, 0.0063936796066980375, 0.0049751243781094535, 0.05027432134436477, 0.0049751243781094535, 0.0049751243781094535, 0.053064146626359214, 0.0049751243781094535, 0.004975124378739703, 0.006204538909552893, 0.007433953440996331, 0.051409165527242416, 0.0049751243781094535, 0.0049751243781094535, 0.006204538909552893, 0.0049751243781094535, 0.035757772838481715, 0.0049751243781094535, 0.0049751243781094535, 0.007339383092423759, 0.0049751243781094535, 0.030840114712707957, 0.0049751243781094535, 0.024267475486914186, 0.0049751243781094535, 0.00525883542382717, 0.0049751243781094535, 0.013202744703923236, 0.0049751243781094535], [0.004975124378109453, 0.004975124378109453, 0.004975124378109453, 0.009091555337598606, 0.004975124378109453, 0.004975124378109453, 0.004975124378109453, 0.005042606852855176, 0.015232460539459473, 0.006729586117569003, 0.00882162543861571, 0.007134563569972615, 0.035342238013685176, 0.016514627559628226, 0.004975124378109453, 0.03507230811470228, 0.01023875740827591, 0.0657093516492609, 0.004975124378109453, 0.009091555337598606, 0.004975124378109453, 0.010441204832513082, 0.006932116145735443, 0.005042606852849624, 0.006932116145735443, 0.007134563569972615, 0.03885132670046281, 0.004975124378109453, 0.004975124378109453, 0.004975124378109453, 0.004975124378109453, 0.008505302520407057, 0.0067296685562994825, 0.035342238013685176, 0.035342238013685176, 0.035342238013685176, 0.035342238013685176, 0.035342238013685176, 0.028049949461987217, 0.035342238013685176, 0.004975124378109453, 0.006245387643232428, 0.007134563569972615, 0.004975124378109453, 0.004975124378109453, 0.0152999430142052, 0.006729668721498272, 0.006729668721498272, 0.004975124378109453, 0.004975144208469286, 0.0069995986204811666, 0.004975124378109453, 0.006729668721498272, 0.004975124378109453, 0.006729668721498272, 0.0080098602317207, 0.00686463367098972, 0.005312536751497613, 0.004975124378129475, 0.0053125367518380715, 0.004975124378109453, 0.004975124378109453, 0.004975124378109453, 0.004975124378109453, 0.004975124378109453, 0.004975124378109453, 0.007067081095226891, 0.009675407161760668, 0.009833862559801568, 0.006597610296417653, 0.004975124378109453, 0.006711438183687526, 0.004975124378109453, 0.004975124378109453, 0.004975124378109453, 0.004975124378119151, 0.011250994529461768, 0.005717431600312415, 0.004975124379398113, 0.01199330175166473, 0.00693211614483601, 0.004975124378109453, 0.004975124378109453, 0.004975124378109453, 0.013612881145562104, 0.006729668721498272, 0.004975124378109453, 0.004975124378109453, 0.004975124378109453, 0.0053125367518380715, 0.006797151196243996, 0.004975124378109453, 0.006527221297261101, 0.004975124378109453, 0.006594703772006823, 0.004975124378109453, 0.005245054277092348, 0.004975124378109453, 0.005380019226583796, 0.004975124378109453, 0.006324773873023929]]}