{"start_probs": [1.3944048383883077e-46, 1.0], "trans_probs": [[0.9756629410129211, 0.02433705898707895], [0.9901960784313726, 0.00980392156862745]], "emit_probs": [[0.006082554252454166, 0.006082554252454166, 0.006082554252454166, 0.0069026711103738645, 0.006607429041522807, 0.006476210344255651, 0.0065090150185724005, 0.008313272105996083, 0.009008164363850333, 0.006082554252454166, 0.005, 0.005, 0.01976210344255677, 0.009040962708268152, 0.008772537546431184, 0.005000137885489999, 0.005, 0.034524206885113574, 0.01077362267975555, 0.005000069887575451, 0.006049749578137344, 0.008214858083041319, 0.006049749578137373, 0.012905926510347089, 0.005, 0.0058529215322366155, 0.011593739537659256, 0.008772537546431184, 0.00782120199124419, 0.005, 0.005, 0.012905926510346864, 0.006082554252453982, 0.019762103442556807, 0.019762103442556807, 0.019762103442556807, 0.019762103442556807, 0.019762103442555967, 0.006607429041522853, 0.019762103442556668, 0.008772537546431184, 0.0058529215322366155, 0.005, 0.006410600995622095, 0.01976210344255621, 0.00782120199124419, 0.0060825542524534275, 0.0060825542524540425, 0.011593739537675373, 0.008772537546431184, 0.005, 0.008903756243698324, 0.006082554252454166, 0.00601694490382058, 0.005820116857919823, 0.03993011375390473, 0.005951335555186974, 0.005, 0.0071651085049079626, 0.005, 0.005, 0.006180968275403672, 0.005, 0.005, 0.0058529215322366155, 0.007296327202175504, 0.005852921532236285, 0.036248683443303426, 0.005, 0.012610684441495953, 0.005885726206553409, 0.006771452413106817, 0.005885726206553409, 0.005918530880870201, 0.0053608514174845485, 0.0378046743167929, 0.00782120199124403, 0.005, 0.04154440718890267, 0.005, 0.005, 0.006082554252454166, 0.007525959922393053, 0.03829674443153719, 0.005, 0.005, 0.005, 0.005098414022950376, 0.03144056749933271, 0.005, 0.005, 0.005, 0.005, 0.020647829649108055, 0.005, 0.01523505838683846, 0.005, 0.005, 0.005, 0.011167278771553216], [0.004999999999999999, 0.004999999999999999, 0.004999999999999999, 0.005000000000002901, 0.005000000000000907, 0.005000000000000536, 0.005000000000001682, 0.0050000000000005, 0.045205975865536964, 0.004999999999999999, 0.047583732576741665, 0.03264207202349898, 0.005000000000003821, 0.07284819204410328, 0.004999999999999999, 0.1768259562028033, 0.004999999999999999, 0.005000000000006074, 0.005000000000000188, 0.04608797492441029, 0.005000000000000542, 0.005000000000100271, 0.005000000000000048, 0.005000000000000328, 0.028906656885188307, 0.005000000000000019, 0.005000000000366222, 0.004999999999999999, 0.004999999999999999, 0.004999999999999999, 0.004999999999999999, 0.005000000000005931, 0.005000000000003984, 0.005000000000000544, 0.005000000000000668, 0.005000000000001291, 0.005000000000001477, 0.005000000000017381, 0.005000000000000059, 0.00500000000000546, 0.004999999999999999, 0.005000000000000038, 0.024424158719215498, 0.00500000000000006, 0.005000000000012645, 0.005000000000000296, 0.005000000000016608, 0.005000000000002599, 0.004999999999999999, 0.004999999999999999, 0.007241249082986402, 0.005000000000001245, 0.0050000000000000044, 0.004999999999999999, 0.005000000000000063, 0.032798399497268524, 0.005000000000000351, 0.004999999999999999, 0.005000000000008575, 0.004999999999999999, 0.004999999999999999, 0.005000000000020122, 0.004999999999999999, 0.004999999999999999, 0.004999999999999999, 0.004999999999999999, 0.005000000000007463, 0.040435632177147504, 0.004999999999999999, 0.004999999999999999, 0.004999999999999999, 0.004999999999999999, 0.004999999999999999, 0.004999999999999999, 0.005000000000003887, 0.005000000000002698, 0.005000000000004246, 0.004999999999999999, 0.005000000000108372, 0.004999999999999999, 0.004999999999999999, 0.004999999999999999, 0.004999999999999999, 0.005000000000180105, 0.004999999999999999, 0.004999999999999999, 0.004999999999999999, 0.005000000000000039, 0.005000000000046444, 0.004999999999999999, 0.004999999999999999, 0.004999999999999999, 0.004999999999999999, 0.005000000000054956, 0.004999999999999999, 0.005000000000020979, 0.004999999999999999, 0.004999999999999999, 0.004999999999999999, 0.005000000000086573]]}