{"start_probs": [1.394404838389023e-46, 1.0], "trans_probs": [[0.9756629410129211, 0.02433705898707891], [0.9901960784313726, 0.00980392156862745]], "emit_probs": [[0.006082554252454164, 0.006082554252454164, 0.006082554252454164, 0.006902671110373864, 0.006607429041522806, 0.0064762103442556505, 0.0065090150185724, 0.008313272105996082, 0.009008164363850333, 0.006082554252454164, 0.004999999999999999, 0.004999999999999999, 0.01976210344255677, 0.009040962708268152, 0.008772537546431184, 0.005000137885489998, 0.004999999999999999, 0.034524206885113574, 0.01077362267975555, 0.00500006988757545, 0.006049749578137342, 0.008214858083041317, 0.006049749578137371, 0.012905926510347089, 0.004999999999999999, 0.005852921532236615, 0.011593739537659256, 0.008772537546431184, 0.007821201991244189, 0.004999999999999999, 0.004999999999999999, 0.012905926510346864, 0.00608255425245398, 0.019762103442556807, 0.019762103442556807, 0.019762103442556807, 0.019762103442556807, 0.019762103442555967, 0.006607429041522851, 0.01976210344255666, 0.008772537546431184, 0.005852921532236615, 0.004999999999999999, 0.006410600995622093, 0.0197621034425562, 0.007821201991244189, 0.006082554252453426, 0.006082554252454042, 0.011593739537675373, 0.008772537546431184, 0.004999999999999999, 0.008903756243698324, 0.006082554252454164, 0.006016944903820579, 0.005820116857919822, 0.039930113753904685, 0.005951335555186973, 0.004999999999999999, 0.007165108504907961, 0.004999999999999999, 0.004999999999999999, 0.006180968275403671, 0.004999999999999999, 0.004999999999999999, 0.005852921532236615, 0.007296327202175502, 0.005852921532236284, 0.03624868344330345, 0.004999999999999999, 0.012610684441495951, 0.005885726206553407, 0.006771452413106815, 0.005885726206553407, 0.0059185308808702, 0.005360851417484548, 0.0378046743167929, 0.007821201991244028, 0.004999999999999999, 0.04154440718890268, 0.004999999999999999, 0.004999999999999999, 0.006082554252454164, 0.007525959922393053, 0.03829674443153719, 0.004999999999999999, 0.004999999999999999, 0.004999999999999999, 0.005098414022950375, 0.03144056749933268, 0.004999999999999999, 0.004999999999999999, 0.004999999999999999, 0.004999999999999999, 0.020647829649108048, 0.004999999999999999, 0.01523505838683846, 0.004999999999999999, 0.004999999999999999, 0.004999999999999999, 0.011167278771553216], [0.005, 0.005, 0.005, 0.005000000000002902, 0.005000000000000908, 0.005000000000000537, 0.005000000000001683, 0.005000000000000501, 0.04520597586553672, 0.005, 0.0475837325767417, 0.032642072023499, 0.005000000000003822, 0.0728481920441032, 0.005, 0.17682595620280345, 0.005, 0.005000000000006075, 0.005000000000000189, 0.046087974924410316, 0.005000000000000543, 0.0050000000001002715, 0.005000000000000049, 0.005000000000000329, 0.028906656885188325, 0.00500000000000002, 0.005000000000366223, 0.005, 0.005, 0.005, 0.005, 0.005000000000005932, 0.005000000000003985, 0.005000000000000545, 0.005000000000000669, 0.005000000000001292, 0.005000000000001478, 0.005000000000017382, 0.00500000000000006, 0.005000000000005461, 0.005, 0.005000000000000039, 0.024424158719215515, 0.005000000000000061, 0.005000000000012646, 0.005000000000000297, 0.005000000000016609, 0.0050000000000026, 0.005, 0.005, 0.007241249082986406, 0.005000000000001246, 0.005000000000000005, 0.005, 0.005000000000000064, 0.03279839949726861, 0.005000000000000352, 0.005, 0.005000000000008576, 0.005, 0.005, 0.005000000000020123, 0.005, 0.005, 0.005, 0.005, 0.005000000000007464, 0.04043563217714755, 0.005, 0.005, 0.005, 0.005, 0.005, 0.005, 0.005000000000003888, 0.0050000000000026985, 0.005000000000004247, 0.005, 0.005000000000108373, 0.005, 0.005, 0.005, 0.005, 0.005000000000180106, 0.005, 0.005, 0.005, 0.00500000000000004, 0.005000000000046445, 0.005, 0.005, 0.005, 0.005, 0.005000000000054957, 0.005, 0.00500000000002098, 0.005, 0.005, 0.005, 0.005000000000086574]]}